payer,recipient,income_type,status,article,paragraph,treaty_rate,reduced_rates,protocol,eu_directive,sources,documentation
CZ,AT,dividends,draft,,,,0,False,True,0,1
CZ,AT,interest,draft,,,,0,,,0,1
CZ,AT,royalties,draft,,,,0,,,0,1
CZ,AU,dividends,draft,,,,0,,,0,1
CZ,AU,interest,draft,,,,0,,,0,1
CZ,AU,royalties,draft,,,,0,,,0,1
CZ,BE,dividends,draft,,,,0,,,0,1
CZ,BE,interest,draft,,,,0,,,0,1
CZ,BE,royalties,draft,,,,0,,,0,1
CZ,BG,dividends,draft,,,,0,,,0,1
CZ,BG,interest,draft,,,,0,,,0,1
CZ,BG,royalties,draft,,,,0,,,0,1
CZ,BR,dividends,draft,,,,0,,,0,1
CZ,BR,interest,draft,,,,0,,,0,1
CZ,BR,royalties,draft,,,,0,,,0,1
CZ,CA,dividends,draft,,,,0,,,0,1
CZ,CA,interest,draft,,,,0,,,0,1
CZ,CA,royalties,draft,,,,0,,,0,1
CZ,CH,dividends,draft,10,2,5,1,False,False,1,1
CZ,CH,interest,draft,,,,0,,,0,1
CZ,CH,royalties,draft,,,,0,,,0,1
CZ,CN,dividends,draft,,,,0,,,0,1
CZ,CN,interest,draft,,,,0,,,0,1
CZ,CN,royalties,draft,,,,0,,,0,1
CZ,CY,dividends,draft,,,,0,,,0,1
CZ,CY,interest,draft,,,,0,,,0,1
CZ,CY,royalties,draft,,,,0,,,0,1
CZ,DE,dividends,draft,,,,0,False,True,0,1
CZ,DE,interest,draft,11,1,0.0,0,False,False,0,0
CZ,DE,royalties,draft,,,,0,,,0,1
CZ,DK,dividends,draft,,,,0,,,0,1
CZ,DK,interest,draft,,,,0,,,0,1
CZ,DK,royalties,draft,,,,0,,,0,1
CZ,EE,dividends,draft,,,,0,,,0,1
CZ,EE,interest,draft,,,,0,,,0,1
CZ,EE,royalties,draft,,,,0,,,0,1
CZ,ES,dividends,draft,,,,0,,,0,1
CZ,ES,interest,draft,,,,0,,,0,1
CZ,ES,royalties,draft,,,,0,,,0,1
CZ,FI,dividends,draft,,,,0,,,0,1
CZ,FI,interest,draft,,,,0,,,0,1
CZ,FI,royalties,draft,,,,0,,,0,1
CZ,FR,dividends,draft,,,,0,,,0,1
CZ,FR,interest,draft,,,,0,,,0,1
CZ,FR,royalties,draft,,,,0,,,0,1
CZ,GB,dividends,draft,,,,0,,,0,1
CZ,GB,interest,draft,,,,0,,,0,1
CZ,GB,royalties,draft,,,,0,,,0,1
CZ,GR,dividends,draft,,,,0,,,0,1
CZ,GR,interest,draft,,,,0,,,0,1
CZ,GR,royalties,draft,,,,0,,,0,1
CZ,HK,dividends,draft,,,,0,,,0,1
CZ,HK,interest,draft,,,,0,,,0,1
CZ,HK,royalties,draft,,,,0,,,0,1
CZ,HR,dividends,draft,,,,0,,,0,1
CZ,HR,interest,draft,,,,0,,,0,1
CZ,HR,royalties,draft,,,,0,,,0,1
CZ,HU,dividends,draft,,,,0,,,0,1
CZ,HU,interest,draft,,,,0,,,0,1
CZ,HU,royalties,draft,,,,0,,,0,1
CZ,IE,dividends,draft,,,,0,,,0,1
CZ,IE,interest,draft,,,,0,,,0,1
CZ,IE,royalties,draft,,,,0,,,0,1
CZ,IL,dividends,draft,,,,0,,,0,1
CZ,IL,interest,draft,,,,0,,,0,1
CZ,IL,royalties,draft,,,,0,,,0,1
CZ,IN,dividends,draft,,,,0,,,0,1
CZ,IN,interest,draft,,,,0,,,0,1
CZ,IN,royalties,draft,,,,0,,,0,1
CZ,IS,dividends,draft,,,,0,,,0,1
CZ,IS,interest,draft,,,,0,,,0,1
CZ,IS,royalties,draft,,,,0,,,0,1
CZ,IT,dividends,draft,,,,0,,,0,1
CZ,IT,interest,draft,,,,0,,,0,1
CZ,IT,royalties,draft,,,,0,,,0,1
CZ,JP,dividends,draft,,,,0,,,0,1
CZ,JP,interest,draft,,,,0,,,0,1
CZ,JP,royalties,draft,,,,0,,,0,1
CZ,KR,dividends,draft,,,,0,,,0,1
CZ,KR,interest,draft,,,,0,,,0,1
CZ,KR,royalties,draft,,,,0,,,0,1
CZ,LT,dividends,draft,,,,0,,,0,1
CZ,LT,interest,draft,,,,0,,,0,1
CZ,LT,royalties,draft,,,,0,,,0,1
CZ,LU,dividends,draft,,,,0,,,0,1
CZ,LU,interest,draft,,,,0,,,0,1
CZ,LU,royalties,draft,,,,0,,,0,1
CZ,LV,dividends,draft,,,,0,,,0,1
CZ,LV,interest,draft,,,,0,,,0,1
CZ,LV,royalties,draft,,,,0,,,0,1
CZ,MX,dividends,draft,,,,0,,,0,1
CZ,MX,interest,draft,,,,0,,,0,1
CZ,MX,royalties,draft,,,,0,,,0,1
CZ,MY,dividends,draft,,,,0,,,0,1
CZ,MY,interest,draft,,,,0,,,0,1
CZ,MY,royalties,draft,,,,0,,,0,1
CZ,NL,dividends,draft,,,,0,,,0,1
CZ,NL,interest,draft,,,,0,,,0,1
CZ,NL,royalties,draft,,,,0,,,0,1
CZ,NO,dividends,draft,,,,0,,,0,1
CZ,NO,interest,draft,,,,0,,,0,1
CZ,NO,royalties,draft,,,,0,,,0,1
CZ,NZ,dividends,draft,,,,0,,,0,1
CZ,NZ,interest,draft,,,,0,,,0,1
CZ,NZ,royalties,draft,,,,0,,,0,1
CZ,PL,dividends,draft,,,,0,False,True,0,1
CZ,PL,interest,draft,,,,0,,,0,1
CZ,PL,royalties,draft,,,,0,,,0,1
CZ,PT,dividends,draft,,,,0,,,0,1
CZ,PT,interest,draft,,,,0,,,0,1
CZ,PT,royalties,draft,,,,0,,,0,1
CZ,RO,dividends,draft,,,,0,,,0,1
CZ,RO,interest,draft,,,,0,,,0,1
CZ,RO,royalties,draft,,,,0,,,0,1
CZ,SE,dividends,draft,,,,0,,,0,1
CZ,SE,interest,draft,,,,0,,,0,1
CZ,SE,royalties,draft,,,,0,,,0,1
CZ,SG,dividends,draft,,,,0,,,0,1
CZ,SG,interest,draft,,,,0,,,0,1
CZ,SG,royalties,draft,,,,0,,,0,1
CZ,SI,dividends,draft,,,,0,,,0,1
CZ,SI,interest,draft,,,,0,,,0,1
CZ,SI,royalties,draft,,,,0,,,0,1
CZ,SK,dividends,draft,,,,0,False,True,0,1
CZ,SK,interest,draft,,,,0,,,0,1
CZ,SK,royalties,draft,,,,0,,,0,1
CZ,TH,dividends,draft,,,,0,,,0,1
CZ,TH,interest,draft,,,,0,,,0,1
CZ,TH,royalties,draft,,,,0,,,0,1
CZ,TR,dividends,draft,,,,0,,,0,1
CZ,TR,interest,draft,,,,0,,,0,1
CZ,TR,royalties,draft,,,,0,,,0,1
CZ,TW,dividends,draft,,,,0,,,0,1
CZ,TW,interest,draft,,,,0,,,0,1
CZ,TW,royalties,draft,,,,0,,,0,1
CZ,UA,dividends,draft,,,,0,,,0,1
CZ,UA,interest,draft,,,,0,,,0,1
CZ,UA,royalties,draft,,,,0,,,0,1
CZ,US,dividends,draft,10,2,5.0,0,False,False,0,0
CZ,US,interest,draft,,,,0,,,0,1
CZ,US,royalties,draft,,,,0,,,0,1
CZ,VN,dividends,draft,,,,0,,,0,1
CZ,VN,interest,draft,,,,0,,,0,1
CZ,VN,royalties,draft,,,,0,,,0,1
CZ,ZA,dividends,draft,,,,0,,,0,1
CZ,ZA,interest,draft,,,,0,,,0,1
CZ,ZA,royalties,draft,,,,0,,,0,1
